"adam1","áXXX@XXXX.com","KXXXm","0","F","5630 Békés, Szolnoki út 8."
"adam3","aXXX@XXXX.com","BXXXm","0","F","3910 Tokaj, Dózsa György utca 37."
"adam4","áXXX@XXXX.com","BXXXm","0","F","8630 Balatonboglár, Juhászföldi út 1."
"agnes","aXXX@XXXX.com","LXXXs","0","N","5200 Törökszentmiklós, Deák Ferenc út 5."
"agnes3","aXXX@XXXX.com","HXXXs","0","N","6430 Bácsalmás, Posta köz 2."
"AGNESH","AXXX@XXXX.com","HXXXs","0","N","8200 Veszprém, Rákóczi utca 21."
"AGNESK","AXXX@XXXX.com","KXXXs","0","N","1084 Budapest, Endrődi Sándor utca 47."
"akos","áXXX@XXXX.com","BXXXs","0","F","9023 Győr, Kossuth Lajos utca 47/b."
"aladar","aXXX@XXXX.com","DXXXr","0","F","5931 Nagyszénás, Árpád utca 23."
"alexandra","aXXX@XXXX.com","BXXXa","0","N","2381 Táborfalva, Petőfi utca 1/2."
"alexis","aXXX@XXXX.com","BXXXr","0","F","6914 Pitvaros, Deák F. u. 38."
"andi","aXXX@XXXX.com","MXXXa","0","N","5465 Cserkeszőlő, Árpád utca 4."
"andras2","aXXX@XXXX.com","TXXXs","0","F","4071 Egyek, Petőfi utca 30."
"andras21","aXXX@XXXX.com","MXXXs","0","F","7900 Szigetvár, Rákóczi utca 67."
"andras3","aXXX@XXXX.com","VXXXs","0","F","1118 Budapest, Arany János utca 1."
"andras4","aXXX@XXXX.com","BXXXs","0","F","3783 Edelény, Fő út 169."
"andras41","aXXX@XXXX.com","KXXXs","0","F","5065 Nagykörű, Kossuth út 24."
"ANDRASE","AXXX@XXXX.com","EXXXs","0","F","5071 Besenyszög, Szolnoki út 8."
"ANDRASN","aXXX@XXXX.com","NXXXs","0","F","6500 Baja, Fő út 169."
"andrea","aXXX@XXXX.com","KXXXa","0","N","1113 Budapest, Petőfi Sándor utca 87."
"andrea3","aXXX@XXXX.com","SXXXa","0","N","7960 Sellye, Bécsi utca 82."
"andrea4","aXXX@XXXX.com","NXXXa","0","N","1124 Budapest, Kiss u. 8."
"ANDREAT","AXXX@XXXX.com","TXXXa","0","N","6131 Szank, Bécsi utca 82."
"anett3","aXXX@XXXX.com","PXXXt","0","N","1149 Budapest, Fő út 60."
"aniko","aXXX@XXXX.com","TXXXó","0","N","2085 Pilisvörösvár, Deák Ferenc út 5."
"aniko4","aXXX@XXXX.com","BXXXó","0","N","2484 Agárd, Petőfi Sándor tér 1."
"ANIKOS","AXXX@XXXX.com","SXXXó","0","N","5137 Jászkisér, Bécsi utca 82."
"anita","aXXX@XXXX.com","HXXXa","0","N","7220 Sarkad, Táncsics utca 19."
"annamaria1","aXXX@XXXX.com","SXXXa","0","N","1191 Budapest, Rendeki utca 21."
"ANNAMARIAR","AXXX@XXXX.com","RXXXa","0","N","8283 Káptalantóti, Petőfi Sándor tér 1."
"aron2","aXXX@XXXX.com","JXXXn","0","F","7133 Fadd, Bajcsy-Zsilinszky utca 4."
"ARONK","áXXX@XXXX.com","KXXXn","0","F","8200 Veszprém, Petőfi utca 8."
"arpad2","áXXX@XXXX.com","ÖXXXd","0","F","2600 Vác, Padragi út 158."
"ARPADH","áXXX@XXXX.com","HXXXd","0","F","7349 Szászvár, Dózsa György u. 1."
"ARPADM","áXXX@XXXX.com","MXXXd","0","F","3910 Tokaj, Rákóczi utca 67."
"attila","aXXX@XXXX.com","CXXXa","0","F","3000 Hatvan, Bajcsy-Zsilinszky utca 4."
"attila1","aXXX@XXXX.com","GXXXa","0","F","3881 Abaújszántó, Szolnoki út 8."
"attila4","aXXX@XXXX.com","BXXXa","0","F","7149 Báta, Arany János utca 3."
"ATTILAO","AXXX@XXXX.com","OXXXa","0","F","8283 Káptalantóti, Rákóczi út 200."
"balazs1","bXXX@XXXX.com","BXXXs","0","F","2300 Ráckeve, Bécsi utca 82."
"balazs2","bXXX@XXXX.com","SXXXs","0","F","3170 Szécsény, Szabadság utca 95."
"balazs3","bXXX@XXXX.com","BXXXs","0","F","2131 Göd, Arany János utca 1."
"balint","bXXX@XXXX.com","HXXXt","0","F","6646 Tömörkény, Endrődi Sándor utca 47."
"balint1","bXXX@XXXX.com","MXXXt","0","F","9181 Kimle, Fő út 169."
"balint2","bXXX@XXXX.com","VXXXt","0","F","2330 Dunaharaszti, Béke utca 7."
"balu","bXXX@XXXX.com","EXXXt","0","F","3973 Cigánd, Fő út 169."
"beata4","bXXX@XXXX.com","BXXXa","0","N","8477 Tüskevár, Felszabadulás utca 32."
"BEATRIXK","bXXX@XXXX.com","KXXXx","0","N","7396 Magyarszék, Kossuth Lajos utca 47/b."
"BEATRIXS","bXXX@XXXX.com","SXXXx","0","N","4060 Balmazújváros, Jászai tér 21."
"BELAF","BXXX@XXXX.com","FXXXa","0","F","5530 Vésztő, Petőfi Sándor utca 3."
"bence","bXXX@XXXX.com","GXXXe","0","F","6900 Makó, Árpád utca 23."
"BENCEB","bXXX@XXXX.com","BXXXe","0","F","8391 Sármellék, Fő utca 56."
"bernadett1","bXXX@XXXX.com","SXXXt","0","N","2300 Ráckeve, Fő utca 108."
"bernadett2","bXXX@XXXX.com","KXXXt","0","N","4200 Hajdúszoboszló, Fő út 122."
"BERNADETTO","bXXX@XXXX.com","OXXXt","0","N","5085 Rákóczifalva, Arany János utca 1."
"bertalan","bXXX@XXXX.com","CXXXn","0","F","1192 Budapest, Fő út 169."
"brigitta","bXXX@XXXX.com","SXXXa","0","N","2462 Martonvásár, Fő utca 47."
"brigitta3","bXXX@XXXX.com","PXXXa","0","N","2730 Albertirsa, Rendeki utca 21."
"csongor3","cXXX@XXXX.com","NXXXr","0","F","9181 Kimle, Deák Ferenc út 5."
"dani","dXXX@XXXX.com","VXXXl","0","F","7150 Bonyhád, Dózsa György u. 1."
"daniel","dXXX@XXXX.com","RXXXl","0","F","9181 Kimle, Szabadság tér 9."
"daniel1","dXXX@XXXX.com","KXXXl","0","F","3580 Tiszaújváros, Kossuth Lajos utca 6."
"david","dXXX@XXXX.com","AXXXd","0","F","1149 Budapest, Fő út 18."
"david1","dXXX@XXXX.com","SXXXd","0","F","5083 Kengyel, Arany János utca 3."
"david4","dXXX@XXXX.com","BXXXd","0","F","3500 Miskolc, Balatoni út 12."
"debora","dXXX@XXXX.com","BXXXa","0","N","1155 Budapest, Fő út 169."
"denes","dXXX@XXXX.com","TXXXs","0","F","2400 Dunaújváros, Kossuth út 39."
"desdemona","mXXX@XXXX.com","MXXXó","0","F","9200 Mosonmagyaróvár Fő u. 12."
"dora3","dXXX@XXXX.com","SXXXa","0","N","2855 Bokod, Fő út 18."
"edit","eXXX@XXXX.com","BXXXt","0","N","6077 Orgovány, Fő utca 60."
"emese","eXXX@XXXX.com","KXXXe","0","N","6700 Szeged, Rákóczi utca 67."
"eszter","eXXX@XXXX.com","MXXXr","0","N","6800 Hódmezővásárhely, Fő út 77."
"eszter2","eXXX@XXXX.com","BXXXr","0","N","6760 Kistelek, Kossuth utca 11."
"eszter4","eXXX@XXXX.com","FXXXr","0","N","3643 Dédestapolcsány, Kossuth Lajos utca 47/b."
"ESZTERE","eXXX@XXXX.com","ÉXXXr","0","N","6785 Pusztamérges, Kossuth Lajos utca 6."
"eva","eXXX@XXXX.com","EXXXa","0","N","4231 Bököny, Petőfi utca 8."
"eva2","eXXX@XXXX.com","PXXXa","0","N","9653 Répcelak, Bécsi utca 82."
"EVAV","EXXX@XXXX.com","VXXXa","0","N","6913 Csanádpalota, Arany János utca 3."
"ferenc1","fXXX@XXXX.com","OXXXc","0","F","5061 Tiszasüly, Arany János utca 3."
"fruzsina4","fXXX@XXXX.com","FXXXa","0","N","9700 Szombathely, Szabadság utca 95."
"gabor1","gXXX@XXXX.com","KXXXr","0","F","6762 Sándorfalva, Árpád utca 23."
"gabor4","gXXX@XXXX.com","TXXXr","0","F","9071 Görbeháza, Fő út 169."
"GABORS","GXXX@XXXX.com","SXXXr","0","F","3630 Putnok, Kossuth utca 27."
"gabriella1","gXXX@XXXX.com","NXXXa","0","N","1077 Budapest, Dob utca 1"
"gabriella10","gXXX@XXXX.com","VXXXa","0","N","2484 Agárd, Arany János utca 3."
"georgij","gXXX@XXXX.com","NXXXj","0","F","8391 Sármellék, Grassalkovich út 10."
"gusztav","gXXX@XXXX.com","BXXXv","0","F","3643 Dédestapolcsány, Endrődi Sándor utca 47."
"GYONGYIK","gXXX@XXXX.com","KXXXi","0","N","8800 Nagykanizsa, Fő út 60."
"GYORGYO","GXXX@XXXX.com","OXXXy","0","F","7220 Sarkad, Dózsa György u. 1."
"henrik3","hXXX@XXXX.com","NXXXk","0","F","1077 Budapest, Tanácsköztársaság tér 1."
"IBOLYAA","iXXX@XXXX.com","AXXXa","0","N","9023 Győr, Posta köz 2."
"ilona3","iXXX@XXXX.com","BXXXa","0","N","2483 Gárdony, Posta köz 2."
"imre","iXXX@XXXX.com","BXXXe","0","F","9181 Kimle, Petőfi Sándor tér 1."
"imre1","iXXX@XXXX.com","PXXXe","0","F","1077 Budapest, Szolnoki út 8."
"istvan","iXXX@XXXX.com","SXXXn","0","F","2370 Dabas, Kossuth utca 27."
"istvan1","iXXX@XXXX.com","VXXXn","0","F","7086 Ozora, Rákóczi utca 1."
"ISTVANV","IXXX@XXXX.com","VXXXn","0","F","6320 Solt, Hősök tere 11."
"janos3","jXXX@XXXX.com","HXXXs","0","F","8700 Marcali, Petőfi Sándor tér 1."
"JANOSG","JXXX@XXXX.com","GXXXs","0","F","3300 Eger, Deák Ferenc út 5."
"JANOSP","JXXX@XXXX.com","PXXXs","0","F","5920 Csorvás, Padragi út 158."
"jozsef","jXXX@XXXX.com","GXXXf","0","F","6050 Lajosmizse, Fő út 18."
"jozsef2","jXXX@XXXX.com","VXXXf","0","F","6700 Szeged, Baracsi László utca 14."
"JOZSEFG","jXXX@XXXX.com","GXXXf","0","F","2660 Balassagyarmat, Petőfi utca 1/2."
"JUDITH","JXXX@XXXX.com","HXXXt","0","N","2100 Gödöllő, Fő út 169."
"julia","jXXX@XXXX.com","TXXXa","0","N","5310 Kisújszállás, Árpád utca 4."
"julia4","jXXX@XXXX.com","NXXXa","0","N","7000 Sárbogárd, Jászai tér 21."
"julianna4","jXXX@XXXX.com","SXXXa","0","N","6700 Szeged, Kossuth Lajos utca 6."
"kanita12","aXXX@XXXX.com","KXXXa","0","N","2230 Gyömrő Fő tér 3."
"kata","kXXX@XXXX.com","GXXXn","0","N","8237 Tihany, Kossuth Lajos utca 6."
"katalin","kXXX@XXXX.com","HXXXn","0","N","2424 Előszállás, Rákóczi út 200."
"katalin4","kXXX@XXXX.com","KXXXn","0","N","2800 Tatabánya, Búvár utca 4."
"kati","kXXX@XXXX.com","ZXXXn","0","N","7511 Ötvöskónyi, Kossuth Lajos utca 6."
"katka","kXXX@XXXX.com","KXXXn","0","N","8254 Kővágóörs, Petőfi utca 22."
"klaudia2","kXXX@XXXX.com","BXXXa","0","N","8254 Kővágóörs, Kossuth Lajos utca 6."
"kornel4","kXXX@XXXX.com","LXXXl","0","F","2053 Herceghalom, Bécsi utca 82."
"kristof4","kXXX@XXXX.com","PXXXf","0","F","8220 Balatonalmádi, Mészáros utca 7."
"kriszti","kXXX@XXXX.com","HXXXa","0","N","6060 Tiszakécske, Árpád utca 4."
"krisztian4","kXXX@XXXX.com","CXXXn","0","F","1107 Budapest, Dózsa György utca 37."
"KRISZTIANM","KXXX@XXXX.com","MXXXn","0","F","9155 Lébény, Jászai tér 21."
"krisztina","kXXX@XXXX.com","SXXXa","0","N","6646 Tömörkény, Arany János utca 1."
"krisztina1","kXXX@XXXX.com","BXXXa","0","N","2115 Vácszentlászló, Fő utca 47."
"KRISZTINAG","KXXX@XXXX.com","GXXXa","0","N","6762 Sándorfalva, Arany János utca 1."
"lajos","lXXX@XXXX.com","KXXXs","0","F","1077 Budapest, Dob utca 1"
"lala","lXXX@XXXX.com","NXXXs","0","F","8638 Balatonlelle, Rákóczi út 200."
"laszlo1","lXXX@XXXX.com","FXXXó","0","F","5200 Törökszentmiklós, Rendeki utca 21."
"laszlo2","lXXX@XXXX.com","MXXXó","0","F","9970 Szentgotthárd, Petőfi utca 1/2."
"LASZLOA","lXXX@XXXX.com","AXXXó","0","F","2484 Agárd, Bécsi utca 82."
"LASZLON","lXXX@XXXX.com","NXXXó","0","F","1173 Budapest, Jászai tér 21."
"maria1","mXXX@XXXX.com","BXXXa","0","N","1047 Budapest, Posta köz 2."
"mark","mXXX@XXXX.com","KXXXk","0","F","1086 Budapest, Juhászföldi út 1."
"MARKH","mXXX@XXXX.com","HXXXk","0","F","4400 Nyíregyháza, Badacsonyi utca 12."
"marton","mXXX@XXXX.com","KXXXn","0","F","5137 Jászkisér, Fő út 169."
"MATEK","mXXX@XXXX.com","KXXXé","0","F","1011 Budapest, Központi telep 3."
"matyas2","mXXX@XXXX.com","BXXXs","0","F","2700 Cegléd, Kossuth Lajos utca 6."
"MATYASS","mXXX@XXXX.com","SXXXs","0","F","9023 Győr, Kossuth Lajos utca 6."
"melissza","nXXX@XXXX.com","NXXXr","0","F","6800 Hódmezővásárhely, Oldalkosát u. 1."
"MIHALYJ","mXXX@XXXX.com","JXXXy","0","F","6786 Ruzsa, Rákóczi utca 1."
"miklos2","mXXX@XXXX.com","GXXXs","0","F","2100 Gödöllő, Árpád utca 23."
"MIKLOSB","mXXX@XXXX.com","BXXXs","0","F","4060 Balmazújváros, Szent István utca 2."
"MONIKAM","mXXX@XXXX.com","MXXXa","0","N","2241 Sülysáp, Baracsi László utca 14."
"NANDORF","nXXX@XXXX.com","FXXXr","0","F","5920 Csorvás, Bécsi utca 82."
"nikolett3","nXXX@XXXX.com","HXXXt","0","N","1072 Budapest, Arany János utca 1."
"nikoletta4","nXXX@XXXX.com","KXXXa","0","N","5537 Zsadány, Fő út 18."
"NIKOLETTAT","nXXX@XXXX.com","TXXXa","0","N","1067 Budapest, Győri utca 12."
"norbert","nXXX@XXXX.com","SXXXt","0","F","5071 Besenyszög, Győri utca 12."
"norbert2","nXXX@XXXX.com","HXXXt","0","F","2081 Piliscsaba, Rendeki utca 21."
"norbert4","nXXX@XXXX.com","MXXXt","0","F","3973 Cigánd, Bajcsy-Zsilinszky utca 4."
"norbert5","nXXX@XXXX.com","BXXXt","0","F","8640 Fonyód, Bajcsy-Zsilinszky utca 4."
"pal","pXXX@XXXX.com","BXXXl","0","F","1183 Budapest, Szolnoki út 8."
"peter1","pXXX@XXXX.com","KXXXr","0","F","6913 Csanádpalota, Központi telep 3."
"peter2","pXXX@XXXX.com","BXXXr","0","F","4800 Vásárosnamény, Zombori út 2/A"
"peter3","pXXX@XXXX.com","SXXXr","0","F","1155 Budapest, Arany János utca 3."
"peter4","pXXX@XXXX.com","BXXXr","0","F","5137 Jászkisér, Rákóczi utca 67."
"PETERB","pXXX@XXXX.com","BXXXr","0","F","3980 Sátoraljaújhely, Vasút utca 4/10."
"polla","pXXX@XXXX.com","PXXXa","0","N","2484 Agárd, Fő út 18."
"rajmond4","rXXX@XXXX.com","RXXXd","0","F","9155 Lébény, Petőfi utca 1/2."
"reka4","rXXX@XXXX.com","SXXXa","0","N","8254 Kővágóörs, Templom utca 73."
"RENATAK","rXXX@XXXX.com","KXXXa","0","N","7086 Ozora, Bécsi utca 82."
"RENATAS","RXXX@XXXX.com","SXXXa","0","N","2053 Herceghalom, Kossuth utca 27."
"robert2","rXXX@XXXX.com","PXXXt","0","F","2370 Dabas, Rákóczi utca 21."
"ROBERTI","rXXX@XXXX.com","IXXXt","0","F","2377 Örkény, Petőfi Sándor utca 3."
"ROBERTP","RXXX@XXXX.com","PXXXt","0","F","5137 Jászkisér, Ady Endre út 27."
"roland","rXXX@XXXX.com","TXXXd","0","F","2000 Szentendre, Fő út 169."
"roland1","rXXX@XXXX.com","FXXXd","0","F","2424 Előszállás, Fő út 169."
"roza2","rXXX@XXXX.com","BXXXa","0","N","5661 Újkígyós, Arany János utca 3."
"sandor","sXXX@XXXX.com","KXXXr","0","F","8283 Káptalantóti, Kossuth Lajos utca 1/a."
"sandor3","sXXX@XXXX.com","FXXXr","0","F","8640 Fonyód, Tanácsköztársaság tér 1."
"sandor4","sXXX@XXXX.com","NXXXr","0","F","4600 Kisvárda, Fő utca 47."
"sara","sXXX@XXXX.com","FXXXa","0","N","5940 Tótkomlós, Felszabadulás utca 32."
"SEBASTIANF","SXXX@XXXX.com","FXXXn","0","F","7960 Sellye, Grassalkovich út 10."
"sebestyen","sXXX@XXXX.com","RXXXn","0","F","7130 Tolna, Központi telep 3."
"szabolcs","sXXX@XXXX.com","BXXXs","0","F","6786 Ruzsa, Ady Endre út 27."
"SZABOLCSM","sXXX@XXXX.com","MXXXs","0","F","1102 Budapest, Fő út 169."
"SZILARDS","sXXX@XXXX.com","SXXXd","0","F","1077 Budapest, Fő út 18."
"szilvia1","sXXX@XXXX.com","TXXXa","0","N","6080 Szabadszállás, Bécsi utca 82."
"tamara2","tXXX@XXXX.com","MXXXa","0","N","3910 Tokaj, Kossuth út 39."
"tamas","tXXX@XXXX.com","AXXXs","0","F","4440 Tiszavasvári, Posta köz 2."
"TAMASF","TXXX@XXXX.com","FXXXs","0","F","9023 Győr, Arany János utca 1."
"tibor","tXXX@XXXX.com","GXXXr","0","F","7100 Szekszárd, Kossuth utca 77."
"tibor2","tXXX@XXXX.com","DXXXr","0","F","6646 Tömörkény, Árpád utca 23."
"tihamer","tXXX@XXXX.com","KXXXr","0","F","2370 Dabas, Fő utca 60."
"timea","tXXX@XXXX.com","PXXXa","0","N","1035 Budapest,  Kossuth út 77."
"timea2","tXXX@XXXX.com","DXXXa","0","N","5920 Csorvás, Kossuth utca 8."
"tunde","tXXX@XXXX.com","TXXXe","0","N","7130 Tolna, Fő út 122."
"valentin","vXXX@XXXX.com","FXXXn","0","F","3895 Gönc, Búvár utca 4."
"veronika4","vXXX@XXXX.com","TXXXa","0","N","6412 Balotaszállás, Rendeki utca 21."
"VIKTORIAU","vXXX@XXXX.com","UXXXa","0","N","3860 Encs, Népboltsor  2."
"VIKTORK","vXXX@XXXX.com","KXXXr","0","F","2532 Tokodaltáró, Nagy Lajos tér 4."
"vivien3","vXXX@XXXX.com","BXXXn","0","N","2117 Isaszeg, Fő út 122."
"zoltan","zXXX@XXXX.com","FXXXn","0","F","3441 Mezőkeresztes, Fő utca 23."
"zoltan4","zXXX@XXXX.com","BXXXn","0","F","8313 Balatongyörök, Jászai tér 21."
"ZOLTANP","zXXX@XXXX.com","PXXXn","0","F","6050 Lajosmizse, Fő út 18."
"ZOLTANT","zXXX@XXXX.com","TXXXn","0","F","4244 Újfehértó, Posta köz 2."
"zsofi1","zXXX@XXXX.com","MXXXi","0","N","2730 Albertirsa, Árpád utca 23."
"zsolt1","zXXX@XXXX.com","PXXXt","0","F","8391 Sármellék, Fő utca 60."
"ZSOLTJ","ZXXX@XXXX.com","JXXXt","0","F","8315 Gyenesdiás, Bajcsy-Zsilinszky utca 4."
"zsuzsa","zXXX@XXXX.com","PXXXa","0","N","6783 Ásotthalom, Badacsonyi utca 12."
"zsuzsa3","zXXX@XXXX.com","VXXXa","0","N","8600 Siófok, Árpád utca 4."
"zsuzsanna","zXXX@XXXX.com","BXXXa","0","N","4172 Biharnagybajom, Dózsa György utca 37."
"ZSUZSAV","zXXX@XXXX.com","VXXXa","0","N","6786 Ruzsa, Kossuth utca 77."
